sitio,carril,toca,ha,cambio,pendiente,lia_asc,lia_desc,dNDVI,VH_pre,f_arboles,f_pasto,f_cultivo,f_arbustos,f_suelo,lluvia_pre,lluvia_post,n_asc_pre,n_desc_pre
15,1,0,0.119,3.58,43.6,8.2,44.7,-0.127,-14.6,1.00,0.00,0.00,0.00,0.00,846,850,29,44
15,1,0,0.119,3.77,34.8,6.1,56.7,0.059,-13.4,0.00,1.00,0.00,0.00,0.00,846,850,29,44
15,1,0,0.090,5.55,53.2,60.6,-9.8,-0.079,-19.1,-99.00,-99.00,-99.00,-99.00,-99.00,846,850,29,44
15,1,0,0.070,2.77,33.4,5.3,61.7,0.091,-14.6,0.00,1.00,0.00,0.00,0.00,846,850,29,44
15,2,0,0.109,1.87,44.0,8.4,44.0,-0.132,-14.8,1.00,0.00,0.00,0.00,0.00,846,850,29,44
15,2,0,0.099,2.02,34.9,6.0,56.7,0.063,-13.3,0.00,1.00,0.00,0.00,0.00,846,850,29,44
15,2,0,0.090,2.79,53.2,60.6,-9.8,-0.079,-19.1,-99.00,-99.00,-99.00,-99.00,-99.00,846,850,29,44
15,2,0,0.050,1.75,35.0,8.2,52.2,0.036,-16.4,0.00,1.00,0.00,0.00,0.00,846,850,29,44
16,1,0,0.060,1.57,25.6,27.3,37.4,0.019,-14.9,-99.00,-99.00,-99.00,-99.00,-99.00,947,959,26,44
16,1,0,0.040,1.47,23.7,16.2,51.1,0.026,-16.7,-99.00,-99.00,-99.00,-99.00,-99.00,947,959,26,44
16,1,0,0.040,1.37,28.6,33.1,30.6,0.080,-14.8,-99.00,-99.00,-99.00,-99.00,-99.00,947,959,26,44
16,1,0,0.030,1.25,24.6,30.0,35.3,0.087,-13.9,-99.00,-99.00,-99.00,-99.00,-99.00,947,959,26,44
16,2,0,0.050,1.33,21.1,52.1,23.3,0.123,-16.8,-99.00,-99.00,-99.00,-99.00,-99.00,947,959,26,44
16,2,0,0.040,1.35,24.9,28.2,36.9,0.011,-15.2,-99.00,-99.00,-99.00,-99.00,-99.00,947,959,26,44
16,2,0,0.030,1.24,23.9,16.3,50.9,0.029,-16.7,-99.00,-99.00,-99.00,-99.00,-99.00,947,959,26,44
16,2,0,0.030,1.33,40.1,32.2,25.0,0.008,-16.2,-99.00,-99.00,-99.00,-99.00,-99.00,947,959,26,44
17,1,0,0.109,4.76,30.8,4.6,72.9,-0.012,-18.0,-99.00,-99.00,-99.00,-99.00,-99.00,868,928,26,16
17,1,0,0.109,4.27,32.7,0.3,71.2,0.028,-17.7,-99.00,-99.00,-99.00,-99.00,-99.00,868,928,26,16
17,1,0,0.090,5.75,33.2,0.4,69.8,-0.001,-16.7,-99.00,-99.00,-99.00,-99.00,-99.00,868,928,26,16
17,1,0,0.090,12.59,36.5,0.6,79.7,0.006,-18.4,-99.00,-99.00,-99.00,-99.00,-99.00,868,928,26,16
17,2,0,0.109,2.77,30.8,4.6,72.9,-0.012,-18.0,-99.00,-99.00,-99.00,-99.00,-99.00,868,928,26,16
17,2,0,0.090,3.34,33.2,0.4,69.8,-0.001,-16.7,-99.00,-99.00,-99.00,-99.00,-99.00,868,928,26,16
17,2,0,0.090,7.27,36.5,0.6,79.7,0.006,-18.4,-99.00,-99.00,-99.00,-99.00,-99.00,868,928,26,16
17,2,0,0.070,1.53,36.1,-1.3,79.7,-0.018,-17.6,-99.00,-99.00,-99.00,-99.00,-99.00,868,928,26,16
18,1,0,0.070,1.57,26.7,12.5,63.3,0.091,-8.5,-99.00,-99.00,-99.00,-99.00,-99.00,1194,766,0,30
18,1,0,0.070,1.41,26.3,20.1,62.3,0.098,-5.9,-99.00,-99.00,-99.00,-99.00,-99.00,1194,766,0,30
18,1,0,0.050,1.42,53.4,-4.4,89.1,0.093,-6.8,-99.00,-99.00,-99.00,-99.00,-99.00,1194,766,0,30
18,1,0,0.050,1.34,41.7,8.1,77.0,0.091,-6.3,-99.00,-99.00,-99.00,-99.00,-99.00,1194,766,0,30
18,2,0,0.060,1.45,25.5,13.7,61.4,0.124,-7.2,-99.00,-99.00,-99.00,-99.00,-99.00,1194,766,0,30
18,2,0,0.040,1.30,28.7,14.0,57.7,0.038,-9.9,-99.00,-99.00,-99.00,-99.00,-99.00,1194,766,0,30
18,2,0,0.040,1.46,26.0,13.2,62.6,0.120,-9.2,-99.00,-99.00,-99.00,-99.00,-99.00,1194,766,0,30
18,2,0,0.030,1.25,52.0,-2.3,87.5,0.068,-6.8,-99.00,-99.00,-99.00,-99.00,-99.00,1194,766,0,30
19,1,0,0.199,5.59,30.9,55.2,33.8,0.094,-6.7,-99.00,-99.00,-99.00,-99.00,-99.00,1367,1502,0,25
19,1,0,0.099,5.80,33.2,45.5,45.1,0.061,-9.0,-99.00,-99.00,-99.00,-99.00,-99.00,1367,1502,0,25
19,1,0,0.070,5.36,28.5,65.2,18.4,0.088,-10.5,-99.00,-99.00,-99.00,-99.00,-99.00,1367,1502,0,25
19,1,0,0.060,5.09,29.1,42.3,46.4,0.047,-7.8,-99.00,-99.00,-99.00,-99.00,-99.00,1367,1502,0,25
19,2,0,0.179,2.30,45.2,-2.3,83.1,0.104,-7.8,-99.00,-99.00,-99.00,-99.00,-99.00,1367,1502,0,25
19,2,0,0.090,1.64,48.3,5.3,82.4,0.092,-7.1,-99.00,-99.00,-99.00,-99.00,-99.00,1367,1502,0,25
19,2,0,0.070,1.25,31.4,52.2,38.6,0.097,-6.4,-99.00,-99.00,-99.00,-99.00,-99.00,1367,1502,0,25
19,2,0,0.050,1.30,36.7,49.0,42.9,0.050,-8.7,-99.00,-99.00,-99.00,-99.00,-99.00,1367,1502,0,25
20,1,0,0.189,2.07,25.2,35.4,17.7,0.089,-15.0,-99.00,-99.00,-99.00,-99.00,-99.00,924,930,26,43
20,1,0,0.139,2.25,35.8,65.2,5.9,0.084,-8.6,-99.00,-99.00,-99.00,-99.00,-99.00,924,930,26,43
20,1,0,0.080,2.15,26.1,38.2,15.3,0.015,-16.3,-99.00,-99.00,-99.00,-99.00,-99.00,924,930,26,43
20,1,0,0.050,2.07,27.9,41.6,11.7,-0.023,-15.8,-99.00,-99.00,-99.00,-99.00,-99.00,924,930,26,43
20,2,0,0.080,1.45,34.1,63.6,7.0,0.105,-9.0,-99.00,-99.00,-99.00,-99.00,-99.00,924,930,26,43
20,2,0,0.070,1.32,24.3,37.5,16.4,0.100,-15.1,-99.00,-99.00,-99.00,-99.00,-99.00,924,930,26,43
20,2,0,0.060,1.41,39.3,66.9,-7.4,0.004,-15.9,-99.00,-99.00,-99.00,-99.00,-99.00,924,930,26,43
20,2,0,0.050,1.42,27.8,58.6,8.7,-0.002,-12.8,-99.00,-99.00,-99.00,-99.00,-99.00,924,930,26,43
21,1,0,0.159,1.93,35.8,18.9,77.1,0.007,-6.9,1.00,0.00,0.00,0.00,0.00,1074,807,0,15
21,1,0,0.109,2.09,27.3,20.7,65.2,0.072,-10.7,1.00,0.00,0.00,0.00,0.00,1074,807,0,15
21,1,0,0.070,2.10,37.9,83.3,10.2,0.008,-20.3,1.00,0.00,0.00,0.00,0.00,1074,807,0,15
21,1,0,0.040,1.87,40.4,42.5,27.6,0.071,-16.5,1.00,0.00,0.00,0.00,0.00,1074,807,0,15
21,2,0,0.070,1.36,26.2,22.0,63.7,0.076,-10.9,1.00,0.00,0.00,0.00,0.00,1074,807,0,15
21,2,0,0.050,1.35,39.4,13.1,81.8,0.028,-5.1,1.00,0.00,0.00,0.00,0.00,1074,807,0,15
21,2,0,0.030,1.21,38.6,7.7,77.0,-0.010,-4.2,1.00,0.00,0.00,0.00,0.00,1074,807,0,15
21,2,0,0.030,1.35,28.4,21.0,70.4,-0.053,-10.5,1.00,0.00,0.00,0.00,0.00,1074,807,0,15
22,1,0,0.060,2.01,23.8,17.6,60.1,0.083,-13.3,0.24,0.76,0.00,0.00,0.00,752,1031,0,15
22,1,0,0.040,1.67,28.3,30.0,39.5,0.078,-14.8,0.13,0.87,0.00,0.00,0.00,752,1031,0,15
22,1,0,0.040,1.79,25.1,25.2,47.1,0.079,-11.2,1.00,0.00,0.00,0.00,0.00,752,1031,0,15
22,1,0,0.030,1.73,36.4,74.2,13.9,0.036,-16.0,1.00,0.00,0.00,0.00,0.00,752,1031,0,15
22,2,0,0.060,1.35,24.9,34.6,56.1,0.041,-10.7,1.00,0.00,0.00,0.00,0.00,752,1031,0,15
22,2,0,0.060,1.36,33.5,61.8,32.9,-0.218,-17.6,1.00,0.00,0.00,0.00,0.00,752,1031,0,15
22,2,0,0.030,1.57,24.2,18.2,59.0,0.082,-13.8,0.17,0.83,0.00,0.00,0.00,752,1031,0,15
22,2,0,0.020,1.39,34.1,39.8,26.8,0.001,-17.2,0.84,0.16,0.00,0.00,0.00,752,1031,0,15
23,1,0,0.269,3.60,25.6,18.7,62.8,-0.090,-5.9,0.69,0.31,0.00,0.00,0.00,1199,1193,0,25
23,1,0,0.179,4.19,24.8,31.0,54.7,-0.086,-8.7,1.00,0.00,0.00,0.00,0.00,1199,1193,0,25
23,1,0,0.090,3.26,23.9,16.8,55.9,-0.098,-3.9,1.00,0.00,0.00,0.00,0.00,1199,1193,0,25
23,1,0,0.080,3.81,28.1,18.5,49.0,-0.032,-8.7,-99.00,-99.00,-99.00,-99.00,-99.00,1199,1193,0,25
23,2,0,0.338,3.00,45.3,-5.9,81.3,-0.118,-9.6,1.00,0.00,0.00,0.00,0.00,1199,1193,0,25
23,2,0,0.109,1.61,24.4,31.1,54.5,-0.087,-8.3,1.00,0.00,0.00,0.00,0.00,1199,1193,0,25
23,2,0,0.080,1.86,45.2,-5.3,82.6,-0.084,-14.9,1.00,0.00,0.00,0.00,0.00,1199,1193,0,25
23,2,0,0.070,1.95,40.3,-0.2,77.7,-0.084,-7.3,1.00,0.00,0.00,0.00,0.00,1199,1193,0,25
24,1,0,0.060,2.61,23.0,53.4,45.1,0.030,-13.6,1.00,0.00,0.00,0.00,0.00,1077,798,0,15
24,1,0,0.030,1.96,25.7,22.3,67.6,-0.016,-8.1,1.00,0.00,0.00,0.00,0.00,1077,798,0,15
24,1,0,0.030,2.07,19.5,43.7,50.2,-0.032,-15.5,1.00,0.00,0.00,0.00,0.00,1077,798,0,15
24,1,0,0.030,2.02,36.0,76.1,8.1,-0.041,-22.3,1.00,0.00,0.00,0.00,0.00,1077,798,0,15
24,2,0,0.060,1.56,23.0,53.4,45.1,0.030,-13.6,1.00,0.00,0.00,0.00,0.00,1077,798,0,15
24,2,0,0.020,1.24,38.6,27.1,44.4,0.022,-15.5,1.00,0.00,0.00,0.00,0.00,1077,798,0,15
24,2,0,0.020,1.18,34.3,79.3,9.4,-0.043,-22.5,1.00,0.00,0.00,0.00,0.00,1077,798,0,15
24,2,0,0.020,1.28,19.9,43.6,50.1,-0.043,-15.8,1.00,0.00,0.00,0.00,0.00,1077,798,0,15
25,1,0,0.129,3.08,25.2,16.5,54.2,0.075,-9.9,1.00,0.00,0.00,0.00,0.00,1322,1498,0,24
25,1,0,0.119,2.85,33.3,10.5,57.6,0.063,-8.2,-99.00,-99.00,-99.00,-99.00,-99.00,1322,1498,0,24
25,1,0,0.109,2.99,27.4,18.6,49.1,0.090,-11.1,1.00,0.00,0.00,0.00,0.00,1322,1498,0,24
25,1,0,0.090,2.75,22.5,21.5,59.3,0.105,-7.5,0.64,0.36,0.00,0.00,0.00,1322,1498,0,24
25,2,0,0.288,1.98,39.0,2.5,67.0,0.067,-14.0,-99.00,-99.00,-99.00,-99.00,-99.00,1322,1498,0,24
25,2,0,0.090,1.58,46.1,-6.7,79.1,0.043,-9.7,-99.00,-99.00,-99.00,-99.00,-99.00,1322,1498,0,24
25,2,0,0.090,2.77,39.8,1.8,77.7,0.054,-16.5,-99.00,-99.00,-99.00,-99.00,-99.00,1322,1498,0,24
25,2,0,0.060,2.25,43.1,3.5,79.7,0.004,-17.2,-99.00,-99.00,-99.00,-99.00,-99.00,1322,1498,0,24
26,1,0,0.090,3.30,44.4,84.6,-12.4,-0.024,-20.1,1.00,0.00,0.00,0.00,0.00,840,780,28,43
26,1,0,0.080,1.89,29.7,74.2,2.7,-0.018,-17.4,1.00,0.00,0.00,0.00,0.00,840,780,28,43
26,1,0,0.070,1.93,30.4,70.8,1.9,-0.068,-16.5,1.00,0.00,0.00,0.00,0.00,840,780,28,43
26,1,0,0.050,1.68,37.3,78.5,-5.4,-0.059,-18.8,1.00,0.00,0.00,0.00,0.00,840,780,28,43
26,2,0,0.179,2.46,31.8,76.7,0.9,-0.004,-17.9,1.00,0.00,0.00,0.00,0.00,840,780,28,43
26,2,0,0.090,3.06,41.3,59.1,2.1,-0.037,-18.8,1.00,0.00,0.00,0.00,0.00,840,780,28,43
26,2,0,0.090,2.18,32.8,73.9,-0.8,-0.055,-17.2,1.00,0.00,0.00,0.00,0.00,840,780,28,43
26,2,0,0.090,3.22,33.2,78.3,-0.2,-0.174,-17.1,1.00,0.00,0.00,0.00,0.00,840,780,28,43
