indice,ha,puesto_v11,puesto_fusion,puesto_v15,rk_v11,rk_fusion
1,0.095,-1,34,34,0.2332,0.2004
2,0.399,26,-1,26,0.0084,0.0257
3,0.450,2,3,2,0.0001,0.0001
4,1.361,26,14,14,0.0157,0.0050
5,0.053,-1,-1,-1,0.0836,0.2290
6,2.534,1,1,1,0.0000,0.0003
7,0.196,-1,29,29,0.0983,0.0033
8,0.093,11,1,1,0.0035,0.0122
9,0.715,5,5,5,0.0070,0.0199
10,0.056,14,15,14,0.0014,0.0029
11,0.081,-1,-1,-1,0.0218,0.0432
12,0.349,1,1,1,0.0001,0.0001
13,0.028,-1,-1,-1,0.0156,0.0437
14,0.135,-1,-1,-1,0.1072,0.0376
15,0.465,1,1,1,0.0004,0.0008
16,2.433,-1,3,3,0.1262,0.0002
17,0.078,-1,-1,-1,0.1133,0.0911
18,0.380,1,1,1,0.0001,0.0001
19,0.916,1,1,1,0.0002,0.0002
20,0.789,1,2,1,0.0001,0.0002
21,0.112,36,45,36,0.0084,0.0247
22,0.392,30,-1,30,0.0083,0.0142
23,2.520,20,2,2,0.0024,0.0003
24,1.047,3,12,3,0.0004,0.0018
25,0.249,2,2,2,0.0000,0.0002
26,0.402,-1,-1,-1,0.0629,0.1866
27,0.212,4,5,4,0.0064,0.0068
28,0.672,1,1,1,0.0001,0.0001
29,0.167,-1,-1,-1,0.1976,0.2090
30,0.808,1,1,1,0.0014,0.0011
31,0.759,8,11,8,0.0047,0.0097
32,0.490,1,30,1,0.0013,0.0013
33,0.120,-1,-1,-1,0.0470,0.1367
34,3.250,1,1,1,0.0001,0.0001
35,2.461,1,1,1,0.0001,0.0004
36,0.222,1,9,1,0.0018,0.0040
37,0.295,1,4,1,0.0001,0.0007
38,0.121,-1,-1,-1,0.4911,0.0634
39,0.518,3,5,3,0.0007,0.0015
40,0.123,4,1,1,0.0000,0.0005
41,0.111,1,1,1,0.0003,0.0003
42,0.231,1,1,1,0.0156,0.0219
43,0.609,-1,-1,-1,0.0499,0.0337
44,0.733,1,1,1,0.0001,0.0001
45,0.794,-1,1,1,0.0355,0.0003
46,2.826,1,1,1,0.0003,0.0008
47,0.255,-1,-1,-1,0.2222,0.0496
48,0.361,-1,-1,-1,0.0276,0.0924
49,1.375,1,2,1,0.0000,0.0012
50,0.288,2,2,2,0.0002,0.0005
51,0.022,-1,-1,-1,-1.0000,0.2780
52,4.067,1,1,1,0.0001,0.0001
53,1.634,-1,27,27,0.0113,0.0083
54,0.321,1,1,1,0.0002,0.0031
55,0.781,22,-1,22,0.0054,0.0155
56,1.273,-1,4,4,0.0210,0.0068
57,0.832,1,1,1,0.0001,0.0001
58,0.103,-1,-1,-1,0.0331,0.1157
59,1.339,38,-1,38,0.0088,0.0163
60,0.230,-1,21,21,0.0151,0.0074
61,1.229,1,1,1,0.0000,0.0000
62,0.261,2,2,2,0.0018,0.0020
63,0.451,7,6,6,0.0014,0.0026
